DEN001,Xander Parsons,1991-04-29,F,CLI01,xander134@parsons.com
DEN002,Elliot Archer,1989-03-13,M,CLI01,kwalhedd51@gravatar.com
DEN003,Dewi Knight,1964-06-18,F,CLI01,dwudelandod@army.mil
DEN004,Christina Riddle,1984-11-08,M,CLI01,pkilshawf8@g.co
DEN005,Cerys Harvey,1966-02-19,F,CLI01,mbremingcx@reuters.com
DEN006,Wanda Bates,1962-07-25,M,CLI01,sheffera5@cargocollective.com
DEN007,Gladys Mclean,1984-10-04,F,CLI01,agaitone9z@naver.com
DEN008,Hugh Watson,1982-04-26,M,CLI01,glampardga@wikipedia.org
DEN009,Maisey Simmons,1998-10-23,F,CLI01,astreatln@51.la
DEN010,Luna Maldonado,1978-08-29,M,CLI01,bharce4e@columbia.edu
DEN011,Jayden Cunningham,1979-11-30,F,CLI01,rsebertml@dot.gov
DEN012,Virgil Roth,1973-08-06,M,CLI01,erawlcliffecz@seesaa.net
DEN013,Mahnoor Bishop,1990-12-27,F,CLI02,cpollack9r@ustream.tv
DEN014,Zack Connolly,1983-10-10,M,CLI02,ksnook59@webs.com
DEN015,Eesa Green,1977-04-11,F,CLI02,vpinerfn@flickr.com
DEN016,Harmony Dejesus,1984-05-17,M,CLI02,fharriday9q@google.ca
DEN017,Aqsa Howe,1962-01-21,M,CLI02,cdundredgerb@army.mil
DEN018,Kelsie Frazier,1969-08-21,F,CLI02,loboy91@mozilla.com
DEN019,Tomos Kaufman,1976-12-16,F,CLI02,mhannajz@multiply.com
DEN020,Rafferty Hardin,1981-08-06,M,CLI02,hlashmorea2@domainmarket.com
DEN021,Osian Copeland,1996-07-03,F,CLI02,dhuchot5r@multiply.com
DEN022,Daisie Finch,1965-09-01,M,CLI02,cjzhakovov@myspace.com
DEN023,Brenda Mahoney,1992-12-28,F,CLI02,jforbesbk@jigsy.com
DEN024,Gail White,1988-09-26,M,CLI02,lpettittmi@clickbank.net
DEN025,Sulayman Dickson,1964-06-18,F,CLI03,bdenyukhind0@cnet.com
DEN026,Sasha Estrada,1982-04-19,M,CLI03,alougheidfe@usgs.gov
DEN027,May Pruitt,1995-12-14,M,CLI03,lcastelyn4q@list-manage.com
DEN028,Marcel Lester,1995-11-13,F,CLI03,fschultzei8@miitbeian.gov.cn
DEN029,Frederic Singh,1976-02-07,F,CLI03,emilligank9@soup.io
DEN030,Amy Blackburn,1969-05-21,M,CLI03,eiblekn@toplist.cz
DEN031,Lucinda Mccormick,1987-12-16,F,CLI03,lwithuraf@networksolutions.com
DEN032,Malachi Powell,1965-04-26,M,CLI03,bbalmeroe@ucsd.edu
DEN033,Kaya Stuart,1961-07-02,F,CLI03,gkleyn53@loc.gov
DEN034,Sid Cruz,1961-05-28,M,CLI03,hgimbernp@unc.edu
DEN035,Abigail Rice,1990-04-08,F,CLI03,cdundredgerb@army.mil
DEN036,Beatrice Lewis,1965-10-04,F,CLI03,tjohanssenjw@quantcast.com
DEN037,Hafsa Jensen,1991-04-17,M,CLI04,jpavlenkovd2@deviantart.com
DEN038,Yasmine Washington,1994-06-25,M,CLI04,jdimaggioh0@instagram.com
DEN039,Anton Lawson,1960-12-30,F,CLI04,gsprowsonoz@de.vu
DEN040,James Mullen,1985-07-24,F,CLI04,hjurgengz@friendfeed.com
DEN041,Susie Bradford,1966-02-19,M,CLI04,epilipetshz@biglobe.ne.jp
DEN042,Emilia Powers,1983-11-22,M,CLI04,sstaner46@prweb.com
DEN043,Alisa Shelton,1997-07-15,M,CLI04,rphythond3@aboutads.info
DEN044,Jemima Connor,1965-10-05,F,CLI04,scailloui7@homestead.com
DEN045,Stephanie Pace,1979-07-28,M,CLI04,icousansp5@vimeo.com
DEN046,Kamran O'Sullivan,1974-02-21,F,CLI04,sgroucocka1@hatena.ne.jp
DEN047,Zoya Mitchell,1975-09-30,M,CLI04,raizikovitzo4@barnesandnoble.com
DEN048,Asa Frederick,1988-07-09,F,CLI04,swhortong5@php.net
DEN049,Zak Haines,1986-07-14,M,CLI05,gjeandonis@spotify.com
DEN050,Szymon Matthews,1968-09-13,F,CLI05,sheekslq@vinaora.com
DEN051,Marc Murphy,1995-04-03,M,CLI05,boconnolly47@com.com
DEN052,Felicity Rubio,1973-08-06,F,CLI05,jkilfedder7h@naver.com
DEN053,Krystal Walls,1962-01-21,M,CLI05,thullbrook2y@kickstarter.com
DEN054,Inaya Carr,1996-06-20,F,CLI05,cbowmann3@alibaba.com
DEN055,Isla Atkinson,1974-04-26,M,CLI05,flemanu85@google.it
DEN056,Isobelle Mejia,1977-08-30,F,CLI05,ksilversmidtac@soundcloud.com
DEN057,Asia Sykes,1996-05-16,M,CLI05,okemme9y@unicef.org
DEN058,Alesha Wolf,1960-12-15,F,CLI05,jcrannajj@diigo.com
DEN059,Tom Lin,1999-08-21,F,CLI05,wluis44@youku.com
DEN060,Elaine Morgan,1987-01-28,M,CLI05,culyattfb@netvibes.com
